timestamp,index,temp.gpu_c,temp.mem_c,power_w,sm_mhz,throttle
engine_up 12:20:53
2026/09/29 12:20:53.299, 0, 54, N/A, 15.46 W, 210 MHz, 0x0000000000000001
2026/09/29 12:20:53.305, 1, 41, 41, 34.17 W, 1230 MHz, 0x0000000000000000
2026/09/29 12:20:56.380, 0, 54, N/A, 15.91 W, 210 MHz, 0x0000000000000001
2026/09/29 12:20:56.394, 1, 43, 41, 87.73 W, 1380 MHz, 0x0000000000000000
2026/09/29 12:20:59.448, 0, 54, N/A, 17.11 W, 210 MHz, 0x0000000000000001
2026/09/29 12:20:59.453, 1, 44, 43, 79.13 W, 1380 MHz, 0x0000000000000000
2026/09/29 12:21:02.498, 0, 54, N/A, 17.24 W, 210 MHz, 0x0000000000000001
2026/09/29 12:21:02.508, 1, 44, 43, 77.13 W, 1380 MHz, 0x0000000000000000
2026/09/29 12:21:05.560, 0, 54, N/A, 17.28 W, 210 MHz, 0x0000000000000001
2026/09/29 12:21:05.568, 1, 45, 44, 68.59 W, 1380 MHz, 0x0000000000000000
2026/09/29 12:21:08.605, 0, 54, N/A, 17.39 W, 210 MHz, 0x0000000000000001
2026/09/29 12:21:08.610, 1, 45, 44, 89.57 W, 1380 MHz, 0x0000000000000000
2026/09/29 12:21:11.642, 0, 54, N/A, 17.28 W, 210 MHz, 0x0000000000000001
2026/09/29 12:21:11.647, 1, 45, 46, 83.39 W, 1380 MHz, 0x0000000000000000
2026/09/29 12:21:14.687, 0, 54, N/A, 16.34 W, 210 MHz, 0x0000000000000001
2026/09/29 12:21:14.691, 1, 45, 44, 91.34 W, 1380 MHz, 0x0000000000000000
2026/09/29 12:21:17.735, 0, 54, N/A, 17.36 W, 210 MHz, 0x0000000000000001
2026/09/29 12:21:17.740, 1, 46, 45, 60.07 W, 1380 MHz, 0x0000000000000000
2026/09/29 12:21:20.788, 0, 54, N/A, 17.24 W, 210 MHz, 0x0000000000000001
2026/09/29 12:21:20.797, 1, 46, 46, 93.39 W, 1380 MHz, 0x0000000000000000
2026/09/29 12:21:23.835, 0, 54, N/A, 17.15 W, 210 MHz, 0x0000000000000001
2026/09/29 12:21:23.841, 1, 47, 46, 101.11 W, 1380 MHz, 0x0000000000000000
2026/09/29 12:21:26.884, 0, 54, N/A, 17.11 W, 210 MHz, 0x0000000000000001
2026/09/29 12:21:26.888, 1, 47, 46, 90.28 W, 1380 MHz, 0x0000000000000000
2026/09/29 12:21:29.920, 0, 54, N/A, 17.19 W, 210 MHz, 0x0000000000000001
2026/09/29 12:21:29.926, 1, 47, 45, 70.33 W, 1380 MHz, 0x0000000000000000
2026/09/29 12:21:32.984, 0, 54, N/A, 16.31 W, 210 MHz, 0x0000000000000001
2026/09/29 12:21:32.991, 1, 47, 46, 100.76 W, 1380 MHz, 0x0000000000000000
2026/09/29 12:21:36.039, 0, 54, N/A, 17.41 W, 210 MHz, 0x0000000000000001
2026/09/29 12:21:36.044, 1, 47, 46, 93.32 W, 1380 MHz, 0x0000000000000000
2026/09/29 12:21:39.078, 0, 54, N/A, 17.04 W, 210 MHz, 0x0000000000000001
2026/09/29 12:21:39.084, 1, 47, 46, 71.10 W, 1380 MHz, 0x0000000000000000
2026/09/29 12:21:42.120, 0, 54, N/A, 17.21 W, 210 MHz, 0x0000000000000001
2026/09/29 12:21:42.128, 1, 47, 47, 96.29 W, 1380 MHz, 0x0000000000000000
2026/09/29 12:21:45.165, 0, 54, N/A, 17.10 W, 210 MHz, 0x0000000000000001
2026/09/29 12:21:45.174, 1, 48, 47, 82.13 W, 1380 MHz, 0x0000000000000000
2026/09/29 12:21:48.230, 0, 54, N/A, 17.19 W, 210 MHz, 0x0000000000000001
2026/09/29 12:21:48.234, 1, 48, 47, 94.64 W, 1380 MHz, 0x0000000000000000
2026/09/29 12:21:51.266, 0, 54, N/A, 16.15 W, 210 MHz, 0x0000000000000001
2026/09/29 12:21:51.270, 1, 48, 47, 103.41 W, 1380 MHz, 0x0000000000000000
2026/09/29 12:21:54.303, 0, 53, N/A, 17.55 W, 210 MHz, 0x0000000000000001
2026/09/29 12:21:54.311, 1, 48, 47, 100.74 W, 1380 MHz, 0x0000000000000000
2026/09/29 12:21:57.346, 0, 53, N/A, 17.46 W, 210 MHz, 0x0000000000000001
2026/09/29 12:21:57.355, 1, 48, 47, 90.75 W, 1380 MHz, 0x0000000000000000
2026/09/29 12:22:00.391, 0, 54, N/A, 17.36 W, 210 MHz, 0x0000000000000001
2026/09/29 12:22:00.401, 1, 48, 48, 74.68 W, 1380 MHz, 0x0000000000000000
2026/09/29 12:22:03.463, 0, 53, N/A, 17.06 W, 210 MHz, 0x0000000000000001
2026/09/29 12:22:03.468, 1, 47, 46, 48.10 W, 1380 MHz, 0x0000000000000000
2026/09/29 12:22:06.512, 0, 54, N/A, 16.93 W, 210 MHz, 0x0000000000000001
2026/09/29 12:22:06.517, 1, 48, 48, 85.03 W, 1380 MHz, 0x0000000000000000
2026/09/29 12:22:09.553, 0, 54, N/A, 17.10 W, 210 MHz, 0x0000000000000001
2026/09/29 12:22:09.562, 1, 49, 48, 95.64 W, 1380 MHz, 0x0000000000000000
2026/09/29 12:22:12.599, 0, 53, N/A, 17.41 W, 210 MHz, 0x0000000000000001
2026/09/29 12:22:12.604, 1, 49, 48, 83.82 W, 1380 MHz, 0x0000000000000000
2026/09/29 12:22:15.648, 0, 53, N/A, 17.30 W, 210 MHz, 0x0000000000000001
2026/09/29 12:22:15.655, 1, 48, 48, 80.59 W, 1380 MHz, 0x0000000000000000
2026/09/29 12:22:18.695, 0, 53, N/A, 17.15 W, 210 MHz, 0x0000000000000001
2026/09/29 12:22:18.705, 1, 49, 48, 95.27 W, 1380 MHz, 0x0000000000000000
2026/09/29 12:22:21.748, 0, 53, N/A, 17.20 W, 210 MHz, 0x0000000000000001
2026/09/29 12:22:21.753, 1, 49, 48, 93.22 W, 1380 MHz, 0x0000000000000000
2026/09/29 12:22:24.787, 0, 53, N/A, 15.82 W, 210 MHz, 0x0000000000000001
2026/09/29 12:22:24.796, 1, 49, 48, 96.65 W, 1380 MHz, 0x0000000000000000
2026/09/29 12:22:27.837, 0, 53, N/A, 17.51 W, 210 MHz, 0x0000000000000001
2026/09/29 12:22:27.842, 1, 49, 48, 76.28 W, 1380 MHz, 0x0000000000000000
2026/09/29 12:22:30.885, 0, 53, N/A, 17.38 W, 210 MHz, 0x0000000000000001
2026/09/29 12:22:30.890, 1, 49, 49, 86.68 W, 1380 MHz, 0x0000000000000000
2026/09/29 12:22:33.921, 0, 53, N/A, 17.24 W, 210 MHz, 0x0000000000000001
2026/09/29 12:22:33.926, 1, 49, 48, 92.71 W, 1380 MHz, 0x0000000000000000
2026/09/29 12:22:36.958, 0, 53, N/A, 17.30 W, 210 MHz, 0x0000000000000001
2026/09/29 12:22:36.963, 1, 49, 48, 93.26 W, 1380 MHz, 0x0000000000000000
2026/09/29 12:22:39.998, 0, 53, N/A, 17.25 W, 210 MHz, 0x0000000000000001
2026/09/29 12:22:40.003, 1, 49, 49, 95.59 W, 1380 MHz, 0x0000000000000000
2026/09/29 12:22:43.050, 0, 53, N/A, 16.96 W, 210 MHz, 0x0000000000000001
2026/09/29 12:22:43.055, 1, 49, 48, 90.33 W, 1380 MHz, 0x0000000000000000
2026/09/29 12:22:46.087, 0, 53, N/A, 17.32 W, 210 MHz, 0x0000000000000001
2026/09/29 12:22:46.094, 1, 49, 49, 99.32 W, 1380 MHz, 0x0000000000000000
2026/09/29 12:22:49.148, 0, 53, N/A, 17.35 W, 210 MHz, 0x0000000000000001
2026/09/29 12:22:49.153, 1, 49, 49, 97.06 W, 1380 MHz, 0x0000000000000000
2026/09/29 12:22:52.197, 0, 53, N/A, 17.10 W, 210 MHz, 0x0000000000000001
2026/09/29 12:22:52.206, 1, 50, 49, 97.69 W, 1380 MHz, 0x0000000000000000
2026/09/29 12:22:55.251, 0, 53, N/A, 17.10 W, 210 MHz, 0x0000000000000001
2026/09/29 12:22:55.256, 1, 50, 49, 97.77 W, 1380 MHz, 0x0000000000000000
2026/09/29 12:22:58.290, 0, 53, N/A, 16.11 W, 210 MHz, 0x0000000000000001
2026/09/29 12:22:58.295, 1, 48, 47, 41.70 W, 1380 MHz, 0x0000000000000000
2026/09/29 12:23:01.326, 0, 53, N/A, 17.57 W, 210 MHz, 0x0000000000000001
2026/09/29 12:23:01.331, 1, 50, 49, 106.71 W, 1380 MHz, 0x0000000000000000
2026/09/29 12:23:04.363, 0, 53, N/A, 17.21 W, 210 MHz, 0x0000000000000001
2026/09/29 12:23:04.368, 1, 50, 49, 66.96 W, 1380 MHz, 0x0000000000000000
2026/09/29 12:23:07.402, 0, 53, N/A, 17.20 W, 210 MHz, 0x0000000000000001
2026/09/29 12:23:07.407, 1, 50, 49, 95.43 W, 1380 MHz, 0x0000000000000000
2026/09/29 12:23:10.441, 0, 53, N/A, 17.22 W, 210 MHz, 0x0000000000000001
2026/09/29 12:23:10.446, 1, 50, 49, 95.02 W, 1380 MHz, 0x0000000000000000
2026/09/29 12:23:13.478, 0, 53, N/A, 17.16 W, 210 MHz, 0x0000000000000001
2026/09/29 12:23:13.483, 1, 50, 50, 96.11 W, 1380 MHz, 0x0000000000000000
2026/09/29 12:23:16.520, 0, 53, N/A, 16.29 W, 210 MHz, 0x0000000000000001
2026/09/29 12:23:16.525, 1, 50, 49, 107.80 W, 1380 MHz, 0x0000000000000000
2026/09/29 12:23:19.559, 0, 53, N/A, 17.39 W, 210 MHz, 0x0000000000000001
2026/09/29 12:23:19.564, 1, 50, 49, 108.73 W, 1380 MHz, 0x0000000000000000
2026/09/29 12:23:22.598, 0, 53, N/A, 17.34 W, 210 MHz, 0x0000000000000001
2026/09/29 12:23:22.603, 1, 50, 49, 104.12 W, 1380 MHz, 0x0000000000000000
2026/09/29 12:23:25.661, 0, 53, N/A, 17.30 W, 210 MHz, 0x0000000000000001
2026/09/29 12:23:25.666, 1, 50, 49, 92.81 W, 1380 MHz, 0x0000000000000000
2026/09/29 12:23:28.706, 0, 53, N/A, 17.09 W, 210 MHz, 0x0000000000000001
2026/09/29 12:23:28.711, 1, 50, 50, 99.02 W, 1380 MHz, 0x0000000000000000
2026/09/29 12:23:31.741, 0, 53, N/A, 16.46 W, 210 MHz, 0x0000000000000001
2026/09/29 12:23:31.746, 1, 49, 48, 42.08 W, 1380 MHz, 0x0000000000000000
2026/09/29 12:23:34.785, 0, 53, N/A, 17.20 W, 210 MHz, 0x0000000000000001
2026/09/29 12:23:34.791, 1, 50, 50, 99.40 W, 1380 MHz, 0x0000000000000000
2026/09/29 12:23:37.836, 0, 53, N/A, 17.20 W, 210 MHz, 0x0000000000000001
2026/09/29 12:23:37.841, 1, 50, 50, 96.40 W, 1380 MHz, 0x0000000000000000
2026/09/29 12:23:40.876, 0, 53, N/A, 17.17 W, 210 MHz, 0x0000000000000001
2026/09/29 12:23:40.881, 1, 50, 50, 90.89 W, 1380 MHz, 0x0000000000000000
2026/09/29 12:23:43.913, 0, 53, N/A, 17.01 W, 210 MHz, 0x0000000000000001
2026/09/29 12:23:43.918, 1, 50, 50, 91.81 W, 1380 MHz, 0x0000000000000000
2026/09/29 12:23:46.949, 0, 53, N/A, 17.15 W, 210 MHz, 0x0000000000000001
2026/09/29 12:23:46.953, 1, 50, 50, 91.25 W, 1380 MHz, 0x0000000000000000
2026/09/29 12:23:49.985, 0, 53, N/A, 15.74 W, 210 MHz, 0x0000000000000001
2026/09/29 12:23:49.990, 1, 51, 49, 97.34 W, 1380 MHz, 0x0000000000000000
2026/09/29 12:23:53.021, 0, 53, N/A, 17.16 W, 210 MHz, 0x0000000000000001
2026/09/29 12:23:53.025, 1, 50, 50, 103.78 W, 1380 MHz, 0x0000000000000000
2026/09/29 12:23:56.062, 0, 53, N/A, 17.16 W, 210 MHz, 0x0000000000000001
2026/09/29 12:23:56.067, 1, 51, 50, 89.97 W, 1380 MHz, 0x0000000000000000
2026/09/29 12:23:59.105, 0, 53, N/A, 17.23 W, 210 MHz, 0x0000000000000001
2026/09/29 12:23:59.110, 1, 50, 50, 97.50 W, 1380 MHz, 0x0000000000000000
2026/09/29 12:24:02.154, 0, 53, N/A, 17.15 W, 210 MHz, 0x0000000000000001
2026/09/29 12:24:02.159, 1, 51, 50, 85.70 W, 1380 MHz, 0x0000000000000000
2026/09/29 12:24:05.205, 0, 53, N/A, 16.29 W, 210 MHz, 0x0000000000000001
2026/09/29 12:24:05.210, 1, 50, 49, 42.37 W, 1380 MHz, 0x0000000000000000
2026/09/29 12:24:08.243, 0, 53, N/A, 17.37 W, 210 MHz, 0x0000000000000001
2026/09/29 12:24:08.248, 1, 50, 50, 80.81 W, 1380 MHz, 0x0000000000000000
2026/09/29 12:24:11.278, 0, 53, N/A, 17.20 W, 210 MHz, 0x0000000000000001
2026/09/29 12:24:11.283, 1, 50, 50, 88.97 W, 1380 MHz, 0x0000000000000000
2026/09/29 12:24:14.314, 0, 53, N/A, 17.23 W, 210 MHz, 0x0000000000000001
2026/09/29 12:24:14.318, 1, 51, 50, 91.66 W, 1380 MHz, 0x0000000000000000
2026/09/29 12:24:17.351, 0, 53, N/A, 17.14 W, 210 MHz, 0x0000000000000001
2026/09/29 12:24:17.355, 1, 51, 50, 95.92 W, 1380 MHz, 0x0000000000000000
2026/09/29 12:24:20.388, 0, 53, N/A, 17.17 W, 210 MHz, 0x0000000000000001
2026/09/29 12:24:20.393, 1, 51, 51, 84.44 W, 1380 MHz, 0x0000000000000000
2026/09/29 12:24:23.432, 0, 53, N/A, 16.34 W, 210 MHz, 0x0000000000000001
2026/09/29 12:24:23.437, 1, 51, 50, 100.36 W, 1380 MHz, 0x0000000000000000
2026/09/29 12:24:26.469, 0, 53, N/A, 17.33 W, 210 MHz, 0x0000000000000001
2026/09/29 12:24:26.478, 1, 51, 50, 87.62 W, 1380 MHz, 0x0000000000000000
2026/09/29 12:24:29.511, 0, 53, N/A, 17.34 W, 210 MHz, 0x0000000000000001
2026/09/29 12:24:29.520, 1, 51, 50, 91.90 W, 1380 MHz, 0x0000000000000000
2026/09/29 12:24:32.570, 0, 53, N/A, 17.26 W, 210 MHz, 0x0000000000000001
2026/09/29 12:24:32.579, 1, 51, 50, 97.97 W, 1380 MHz, 0x0000000000000000
2026/09/29 12:24:35.628, 0, 53, N/A, 17.12 W, 210 MHz, 0x0000000000000001
2026/09/29 12:24:35.634, 1, 51, 50, 113.20 W, 1380 MHz, 0x0000000000000000
2026/09/29 12:24:38.667, 0, 53, N/A, 16.34 W, 210 MHz, 0x0000000000000001
2026/09/29 12:24:38.672, 1, 49, 49, 42.37 W, 1380 MHz, 0x0000000000000000
2026/09/29 12:24:41.704, 0, 53, N/A, 17.42 W, 210 MHz, 0x0000000000000001
2026/09/29 12:24:41.713, 1, 51, 50, 95.73 W, 1380 MHz, 0x0000000000000000
2026/09/29 12:24:44.755, 0, 53, N/A, 17.42 W, 210 MHz, 0x0000000000000001
2026/09/29 12:24:44.760, 1, 51, 50, 103.52 W, 1380 MHz, 0x0000000000000000
2026/09/29 12:24:47.792, 0, 53, N/A, 17.22 W, 210 MHz, 0x0000000000000001
2026/09/29 12:24:47.798, 1, 51, 50, 100.19 W, 1380 MHz, 0x0000000000000000
2026/09/29 12:24:50.839, 0, 53, N/A, 17.28 W, 210 MHz, 0x0000000000000001
2026/09/29 12:24:50.846, 1, 51, 50, 97.22 W, 1380 MHz, 0x0000000000000000
2026/09/29 12:24:53.889, 0, 53, N/A, 17.30 W, 210 MHz, 0x0000000000000001
2026/09/29 12:24:53.894, 1, 51, 50, 95.49 W, 1380 MHz, 0x0000000000000000
2026/09/29 12:24:56.926, 0, 53, N/A, 15.88 W, 210 MHz, 0x0000000000000001
2026/09/29 12:24:56.931, 1, 51, 50, 75.03 W, 1380 MHz, 0x0000000000000000
2026/09/29 12:24:59.971, 0, 53, N/A, 17.40 W, 210 MHz, 0x0000000000000001
2026/09/29 12:24:59.977, 1, 51, 51, 101.01 W, 1380 MHz, 0x0000000000000000
2026/09/29 12:25:03.009, 0, 53, N/A, 17.22 W, 210 MHz, 0x0000000000000001
2026/09/29 12:25:03.014, 1, 51, 50, 102.27 W, 1380 MHz, 0x0000000000000000
2026/09/29 12:25:06.053, 0, 53, N/A, 17.10 W, 210 MHz, 0x0000000000000001
2026/09/29 12:25:06.058, 1, 51, 50, 78.96 W, 1380 MHz, 0x0000000000000000
2026/09/29 12:25:09.090, 0, 53, N/A, 17.03 W, 210 MHz, 0x0000000000000001
2026/09/29 12:25:09.094, 1, 51, 51, 95.49 W, 1380 MHz, 0x0000000000000000
2026/09/29 12:25:12.135, 0, 53, N/A, 15.72 W, 210 MHz, 0x0000000000000001
2026/09/29 12:25:12.143, 1, 51, 50, 100.93 W, 1380 MHz, 0x0000000000000000
2026/09/29 12:25:15.180, 0, 53, N/A, 17.40 W, 210 MHz, 0x0000000000000001
2026/09/29 12:25:15.185, 1, 51, 51, 104.82 W, 1380 MHz, 0x0000000000000000
2026/09/29 12:25:18.215, 0, 53, N/A, 17.17 W, 210 MHz, 0x0000000000000001
2026/09/29 12:25:18.220, 1, 51, 50, 76.46 W, 1380 MHz, 0x0000000000000000
2026/09/29 12:25:21.252, 0, 53, N/A, 17.26 W, 210 MHz, 0x0000000000000001
2026/09/29 12:25:21.257, 1, 51, 51, 95.00 W, 1380 MHz, 0x0000000000000000
2026/09/29 12:25:24.287, 0, 53, N/A, 17.10 W, 210 MHz, 0x0000000000000001
2026/09/29 12:25:24.291, 1, 51, 51, 88.50 W, 1380 MHz, 0x0000000000000000
2026/09/29 12:25:27.323, 0, 53, N/A, 17.10 W, 210 MHz, 0x0000000000000001
2026/09/29 12:25:27.328, 1, 51, 51, 101.85 W, 1380 MHz, 0x0000000000000000
2026/09/29 12:25:30.369, 0, 53, N/A, 16.42 W, 210 MHz, 0x0000000000000001
2026/09/29 12:25:30.374, 1, 51, 50, 92.85 W, 1380 MHz, 0x0000000000000000
2026/09/29 12:25:33.417, 0, 53, N/A, 17.32 W, 210 MHz, 0x0000000000000001
2026/09/29 12:25:33.422, 1, 51, 50, 104.48 W, 1380 MHz, 0x0000000000000000
2026/09/29 12:25:36.453, 0, 53, N/A, 17.30 W, 210 MHz, 0x0000000000000001
2026/09/29 12:25:36.459, 1, 51, 51, 97.22 W, 1380 MHz, 0x0000000000000000
2026/09/29 12:25:39.491, 0, 53, N/A, 17.15 W, 210 MHz, 0x0000000000000001
2026/09/29 12:25:39.496, 1, 51, 51, 89.32 W, 1380 MHz, 0x0000000000000000
2026/09/29 12:25:42.528, 0, 53, N/A, 17.15 W, 210 MHz, 0x0000000000000001
2026/09/29 12:25:42.534, 1, 51, 51, 80.00 W, 1380 MHz, 0x0000000000000000
2026/09/29 12:25:45.574, 0, 53, N/A, 16.25 W, 210 MHz, 0x0000000000000001
2026/09/29 12:25:45.579, 1, 50, 50, 42.37 W, 1380 MHz, 0x0000000000000000
2026/09/29 12:25:48.622, 0, 53, N/A, 17.46 W, 210 MHz, 0x0000000000000001
2026/09/29 12:25:48.631, 1, 51, 51, 93.10 W, 1380 MHz, 0x0000000000000000
2026/09/29 12:25:51.674, 0, 53, N/A, 17.21 W, 210 MHz, 0x0000000000000001
2026/09/29 12:25:51.678, 1, 51, 51, 100.50 W, 1380 MHz, 0x0000000000000000
2026/09/29 12:25:54.709, 0, 53, N/A, 17.15 W, 210 MHz, 0x0000000000000001
2026/09/29 12:25:54.714, 1, 51, 51, 91.63 W, 1380 MHz, 0x0000000000000000
2026/09/29 12:25:57.752, 0, 53, N/A, 17.20 W, 210 MHz, 0x0000000000000001
2026/09/29 12:25:57.757, 1, 51, 51, 99.00 W, 1380 MHz, 0x0000000000000000
2026/09/29 12:26:00.790, 0, 53, N/A, 17.11 W, 210 MHz, 0x0000000000000001
2026/09/29 12:26:00.795, 1, 51, 51, 92.98 W, 1380 MHz, 0x0000000000000000
2026/09/29 12:26:03.828, 0, 53, N/A, 15.93 W, 210 MHz, 0x0000000000000001
2026/09/29 12:26:03.834, 1, 51, 51, 97.96 W, 1380 MHz, 0x0000000000000000
2026/09/29 12:26:06.889, 0, 53, N/A, 17.36 W, 210 MHz, 0x0000000000000001
2026/09/29 12:26:06.898, 1, 52, 51, 95.22 W, 1380 MHz, 0x0000000000000000
2026/09/29 12:26:09.945, 0, 53, N/A, 17.33 W, 210 MHz, 0x0000000000000001
2026/09/29 12:26:09.954, 1, 51, 51, 102.41 W, 1380 MHz, 0x0000000000000000
2026/09/29 12:26:12.997, 0, 53, N/A, 17.28 W, 210 MHz, 0x0000000000000001
2026/09/29 12:26:13.002, 1, 51, 51, 104.97 W, 1380 MHz, 0x0000000000000000
2026/09/29 12:26:16.043, 0, 53, N/A, 15.45 W, 210 MHz, 0x0000000000000001
2026/09/29 12:26:16.048, 1, 51, 50, 103.82 W, 1380 MHz, 0x0000000000000000
2026/09/29 12:26:19.081, 0, 53, N/A, 17.22 W, 210 MHz, 0x0000000000000001
2026/09/29 12:26:19.086, 1, 51, 51, 94.25 W, 1380 MHz, 0x0000000000000000
2026/09/29 12:26:22.118, 0, 53, N/A, 17.02 W, 210 MHz, 0x0000000000000001
2026/09/29 12:26:22.123, 1, 51, 50, 101.46 W, 1380 MHz, 0x0000000000000000
2026/09/29 12:26:25.152, 0, 53, N/A, 17.21 W, 210 MHz, 0x0000000000000001
2026/09/29 12:26:25.157, 1, 51, 50, 104.76 W, 1380 MHz, 0x0000000000000000
2026/09/29 12:26:28.191, 0, 53, N/A, 17.02 W, 210 MHz, 0x0000000000000001
2026/09/29 12:26:28.196, 1, 51, 50, 92.91 W, 1380 MHz, 0x0000000000000000
2026/09/29 12:26:31.230, 0, 53, N/A, 16.64 W, 210 MHz, 0x0000000000000001
2026/09/29 12:26:31.234, 1, 51, 51, 92.86 W, 1380 MHz, 0x0000000000000000
2026/09/29 12:26:34.269, 0, 53, N/A, 16.78 W, 210 MHz, 0x0000000000000001
2026/09/29 12:26:34.274, 1, 51, 50, 101.05 W, 1380 MHz, 0x0000000000000000
2026/09/29 12:26:37.305, 0, 52, N/A, 17.22 W, 210 MHz, 0x0000000000000001
2026/09/29 12:26:37.309, 1, 51, 50, 98.00 W, 1380 MHz, 0x0000000000000000
2026/09/29 12:26:40.348, 0, 52, N/A, 17.29 W, 210 MHz, 0x0000000000000001
2026/09/29 12:26:40.353, 1, 51, 51, 84.35 W, 1380 MHz, 0x0000000000000000
2026/09/29 12:26:43.390, 0, 52, N/A, 17.17 W, 210 MHz, 0x0000000000000001
2026/09/29 12:26:43.395, 1, 51, 50, 99.96 W, 1380 MHz, 0x0000000000000000
2026/09/29 12:26:46.427, 0, 53, N/A, 17.14 W, 210 MHz, 0x0000000000000001
2026/09/29 12:26:46.432, 1, 51, 51, 89.16 W, 1380 MHz, 0x0000000000000000
2026/09/29 12:26:49.465, 0, 53, N/A, 15.97 W, 210 MHz, 0x0000000000000001
2026/09/29 12:26:49.469, 1, 51, 50, 107.63 W, 1380 MHz, 0x0000000000000000
2026/09/29 12:26:52.502, 0, 53, N/A, 17.40 W, 210 MHz, 0x0000000000000001
2026/09/29 12:26:52.511, 1, 51, 51, 86.77 W, 1380 MHz, 0x0000000000000000
2026/09/29 12:26:55.551, 0, 53, N/A, 17.05 W, 210 MHz, 0x0000000000000001
2026/09/29 12:26:55.556, 1, 51, 51, 91.81 W, 1380 MHz, 0x0000000000000000
2026/09/29 12:26:58.589, 0, 52, N/A, 17.04 W, 210 MHz, 0x0000000000000001
2026/09/29 12:26:58.594, 1, 51, 51, 90.64 W, 1380 MHz, 0x0000000000000000
2026/09/29 12:27:01.633, 0, 52, N/A, 16.98 W, 210 MHz, 0x0000000000000001
2026/09/29 12:27:01.638, 1, 51, 51, 96.14 W, 1380 MHz, 0x0000000000000000
2026/09/29 12:27:04.670, 0, 52, N/A, 16.72 W, 210 MHz, 0x0000000000000001
2026/09/29 12:27:04.675, 1, 51, 51, 91.68 W, 1380 MHz, 0x0000000000000000
2026/09/29 12:27:07.715, 0, 53, N/A, 16.61 W, 210 MHz, 0x0000000000000001
2026/09/29 12:27:07.720, 1, 51, 51, 98.17 W, 1380 MHz, 0x0000000000000000
2026/09/29 12:27:10.749, 0, 52, N/A, 17.13 W, 210 MHz, 0x0000000000000001
2026/09/29 12:27:10.753, 1, 51, 51, 99.25 W, 1380 MHz, 0x0000000000000000
2026/09/29 12:27:13.787, 0, 52, N/A, 17.02 W, 210 MHz, 0x0000000000000001
2026/09/29 12:27:13.792, 1, 51, 51, 90.20 W, 1380 MHz, 0x0000000000000000
2026/09/29 12:27:16.821, 0, 52, N/A, 17.14 W, 210 MHz, 0x0000000000000001
2026/09/29 12:27:16.826, 1, 51, 51, 88.77 W, 1380 MHz, 0x0000000000000000
2026/09/29 12:27:19.859, 0, 52, N/A, 16.79 W, 210 MHz, 0x0000000000000001
2026/09/29 12:27:19.863, 1, 51, 51, 102.32 W, 1380 MHz, 0x0000000000000000
2026/09/29 12:27:22.902, 0, 53, N/A, 15.48 W, 210 MHz, 0x0000000000000001
2026/09/29 12:27:22.911, 1, 51, 51, 105.21 W, 1380 MHz, 0x0000000000000000
2026/09/29 12:27:25.959, 0, 52, N/A, 17.18 W, 210 MHz, 0x0000000000000001
2026/09/29 12:27:25.969, 1, 51, 51, 105.15 W, 1380 MHz, 0x0000000000000000
2026/09/29 12:27:29.010, 0, 53, N/A, 17.07 W, 210 MHz, 0x0000000000000001
2026/09/29 12:27:29.015, 1, 51, 50, 102.04 W, 1380 MHz, 0x0000000000000000
2026/09/29 12:27:32.054, 0, 52, N/A, 17.23 W, 210 MHz, 0x0000000000000001
2026/09/29 12:27:32.059, 1, 51, 51, 96.29 W, 1380 MHz, 0x0000000000000000
2026/09/29 12:27:35.090, 0, 52, N/A, 17.21 W, 210 MHz, 0x0000000000000001
2026/09/29 12:27:35.094, 1, 51, 51, 95.81 W, 1380 MHz, 0x0000000000000000
2026/09/29 12:27:38.129, 0, 53, N/A, 16.26 W, 210 MHz, 0x0000000000000001
2026/09/29 12:27:38.134, 1, 50, 50, 42.75 W, 1380 MHz, 0x0000000000000000
2026/09/29 12:27:41.166, 0, 53, N/A, 17.42 W, 210 MHz, 0x0000000000000001
2026/09/29 12:27:41.171, 1, 51, 51, 93.88 W, 1380 MHz, 0x0000000000000000
2026/09/29 12:27:44.203, 0, 52, N/A, 17.16 W, 210 MHz, 0x0000000000000001
2026/09/29 12:27:44.208, 1, 52, 51, 87.30 W, 1380 MHz, 0x0000000000000000
2026/09/29 12:27:47.248, 0, 52, N/A, 17.17 W, 210 MHz, 0x0000000000000001
2026/09/29 12:27:47.252, 1, 52, 51, 108.22 W, 1380 MHz, 0x0000000000000000
2026/09/29 12:27:50.284, 0, 52, N/A, 17.08 W, 210 MHz, 0x0000000000000001
2026/09/29 12:27:50.289, 1, 52, 51, 105.26 W, 1380 MHz, 0x0000000000000000
2026/09/29 12:27:53.321, 0, 52, N/A, 17.04 W, 210 MHz, 0x0000000000000001
2026/09/29 12:27:53.326, 1, 51, 51, 107.06 W, 1380 MHz, 0x0000000000000000
2026/09/29 12:27:56.374, 0, 53, N/A, 15.73 W, 210 MHz, 0x0000000000000001
2026/09/29 12:27:56.383, 1, 52, 51, 104.38 W, 1380 MHz, 0x0000000000000000
2026/09/29 12:27:59.429, 0, 52, N/A, 17.18 W, 210 MHz, 0x0000000000000001
2026/09/29 12:27:59.434, 1, 52, 51, 100.62 W, 1380 MHz, 0x0000000000000000
2026/09/29 12:28:02.468, 0, 52, N/A, 17.25 W, 210 MHz, 0x0000000000000001
2026/09/29 12:28:02.473, 1, 52, 51, 88.31 W, 1380 MHz, 0x0000000000000000
2026/09/29 12:28:05.515, 0, 52, N/A, 16.87 W, 210 MHz, 0x0000000000000001
2026/09/29 12:28:05.520, 1, 51, 51, 98.84 W, 1380 MHz, 0x0000000000000000
2026/09/29 12:28:08.560, 0, 52, N/A, 16.91 W, 210 MHz, 0x0000000000000001
2026/09/29 12:28:08.569, 1, 52, 51, 86.80 W, 1380 MHz, 0x0000000000000000
2026/09/29 12:28:11.605, 0, 52, N/A, 16.75 W, 210 MHz, 0x0000000000000001
2026/09/29 12:28:11.610, 1, 52, 51, 95.76 W, 1380 MHz, 0x0000000000000000
2026/09/29 12:28:14.645, 0, 53, N/A, 16.20 W, 210 MHz, 0x0000000000000001
2026/09/29 12:28:14.649, 1, 52, 51, 99.88 W, 1380 MHz, 0x0000000000000000
2026/09/29 12:28:17.681, 0, 53, N/A, 17.12 W, 210 MHz, 0x0000000000000001
2026/09/29 12:28:17.686, 1, 52, 51, 84.90 W, 1380 MHz, 0x0000000000000000
2026/09/29 12:28:20.718, 0, 53, N/A, 17.01 W, 210 MHz, 0x0000000000000001
2026/09/29 12:28:20.723, 1, 52, 51, 98.73 W, 1380 MHz, 0x0000000000000000
2026/09/29 12:28:23.755, 0, 52, N/A, 17.08 W, 210 MHz, 0x0000000000000001
2026/09/29 12:28:23.760, 1, 52, 52, 87.02 W, 1380 MHz, 0x0000000000000000
2026/09/29 12:28:26.792, 0, 52, N/A, 16.95 W, 210 MHz, 0x0000000000000001
2026/09/29 12:28:26.797, 1, 52, 51, 87.00 W, 1380 MHz, 0x0000000000000000
2026/09/29 12:28:29.834, 0, 53, N/A, 15.88 W, 210 MHz, 0x0000000000000001
2026/09/29 12:28:29.839, 1, 52, 51, 90.62 W, 1380 MHz, 0x0000000000000000
2026/09/29 12:28:32.874, 0, 52, N/A, 17.40 W, 210 MHz, 0x0000000000000001
2026/09/29 12:28:32.879, 1, 52, 51, 102.15 W, 1380 MHz, 0x0000000000000000
2026/09/29 12:28:35.911, 0, 52, N/A, 17.32 W, 210 MHz, 0x0000000000000001
2026/09/29 12:28:35.916, 1, 52, 51, 99.12 W, 1380 MHz, 0x0000000000000000
2026/09/29 12:28:38.945, 0, 52, N/A, 17.29 W, 210 MHz, 0x0000000000000001
2026/09/29 12:28:38.950, 1, 52, 51, 94.67 W, 1380 MHz, 0x0000000000000000
2026/09/29 12:28:41.981, 0, 52, N/A, 17.21 W, 210 MHz, 0x0000000000000001
2026/09/29 12:28:41.986, 1, 52, 51, 90.87 W, 1380 MHz, 0x0000000000000000
2026/09/29 12:28:45.019, 0, 52, N/A, 17.30 W, 210 MHz, 0x0000000000000001
2026/09/29 12:28:45.024, 1, 52, 52, 93.30 W, 1380 MHz, 0x0000000000000000
2026/09/29 12:28:48.053, 0, 52, N/A, 16.65 W, 210 MHz, 0x0000000000000001
2026/09/29 12:28:48.058, 1, 52, 51, 102.10 W, 1380 MHz, 0x0000000000000000
2026/09/29 12:28:51.094, 0, 52, N/A, 17.33 W, 210 MHz, 0x0000000000000001
2026/09/29 12:28:51.099, 1, 52, 51, 98.94 W, 1380 MHz, 0x0000000000000000
2026/09/29 12:28:54.134, 0, 52, N/A, 17.21 W, 210 MHz, 0x0000000000000001
2026/09/29 12:28:54.138, 1, 52, 52, 86.54 W, 1380 MHz, 0x0000000000000000
2026/09/29 12:28:57.180, 0, 52, N/A, 17.16 W, 210 MHz, 0x0000000000000001
2026/09/29 12:28:57.189, 1, 52, 51, 95.11 W, 1380 MHz, 0x0000000000000000
2026/09/29 12:29:00.228, 0, 52, N/A, 16.94 W, 210 MHz, 0x0000000000000001
2026/09/29 12:29:00.233, 1, 52, 52, 102.71 W, 1380 MHz, 0x0000000000000000
2026/09/29 12:29:03.265, 0, 52, N/A, 16.74 W, 210 MHz, 0x0000000000000001
2026/09/29 12:29:03.270, 1, 52, 51, 93.91 W, 1380 MHz, 0x0000000000000000
2026/09/29 12:29:06.301, 0, 52, N/A, 17.24 W, 210 MHz, 0x0000000000000001
2026/09/29 12:29:06.305, 1, 52, 51, 93.74 W, 1380 MHz, 0x0000000000000000
2026/09/29 12:29:09.338, 0, 52, N/A, 17.18 W, 210 MHz, 0x0000000000000001
2026/09/29 12:29:09.343, 1, 52, 51, 100.38 W, 1380 MHz, 0x0000000000000000
2026/09/29 12:29:12.376, 0, 52, N/A, 17.15 W, 210 MHz, 0x0000000000000001
2026/09/29 12:29:12.380, 1, 52, 51, 96.27 W, 1380 MHz, 0x0000000000000000
2026/09/29 12:29:15.418, 0, 52, N/A, 17.12 W, 210 MHz, 0x0000000000000001
2026/09/29 12:29:15.427, 1, 52, 52, 90.93 W, 1380 MHz, 0x0000000000000000
2026/09/29 12:29:18.472, 0, 52, N/A, 15.97 W, 210 MHz, 0x0000000000000001
2026/09/29 12:29:18.477, 1, 52, 51, 102.71 W, 1380 MHz, 0x0000000000000000
2026/09/29 12:29:21.512, 0, 52, N/A, 17.51 W, 210 MHz, 0x0000000000000001
2026/09/29 12:29:21.516, 1, 52, 51, 98.78 W, 1380 MHz, 0x0000000000000000
2026/09/29 12:29:24.549, 0, 52, N/A, 17.36 W, 210 MHz, 0x0000000000000001
2026/09/29 12:29:24.554, 1, 52, 51, 94.42 W, 1380 MHz, 0x0000000000000000
2026/09/29 12:29:27.589, 0, 52, N/A, 17.17 W, 210 MHz, 0x0000000000000001
2026/09/29 12:29:27.594, 1, 52, 51, 93.33 W, 1380 MHz, 0x0000000000000000
2026/09/29 12:29:30.628, 0, 52, N/A, 17.25 W, 210 MHz, 0x0000000000000001
2026/09/29 12:29:30.637, 1, 52, 51, 101.49 W, 1380 MHz, 0x0000000000000000
2026/09/29 12:29:33.674, 0, 53, N/A, 16.73 W, 210 MHz, 0x0000000000000001
2026/09/29 12:29:33.680, 1, 50, 50, 42.75 W, 1380 MHz, 0x0000000000000000
2026/09/29 12:29:36.714, 0, 53, N/A, 17.25 W, 210 MHz, 0x0000000000000001
2026/09/29 12:29:36.719, 1, 52, 51, 90.36 W, 1380 MHz, 0x0000000000000000
2026/09/29 12:29:39.751, 0, 52, N/A, 17.41 W, 210 MHz, 0x0000000000000001
2026/09/29 12:29:39.755, 1, 52, 51, 96.57 W, 1380 MHz, 0x0000000000000000
2026/09/29 12:29:42.787, 0, 52, N/A, 17.27 W, 210 MHz, 0x0000000000000001
2026/09/29 12:29:42.792, 1, 52, 51, 98.36 W, 1380 MHz, 0x0000000000000000
2026/09/29 12:29:45.825, 0, 52, N/A, 17.25 W, 210 MHz, 0x0000000000000001
2026/09/29 12:29:45.830, 1, 52, 51, 54.12 W, 1380 MHz, 0x0000000000000000
2026/09/29 12:29:48.866, 0, 53, N/A, 17.27 W, 210 MHz, 0x0000000000000001
2026/09/29 12:29:48.871, 1, 52, 51, 93.11 W, 1380 MHz, 0x0000000000000000
2026/09/29 12:29:51.901, 0, 52, N/A, 15.70 W, 210 MHz, 0x0000000000000001
2026/09/29 12:29:51.905, 1, 52, 51, 106.99 W, 1380 MHz, 0x0000000000000000
2026/09/29 12:29:54.940, 0, 52, N/A, 17.14 W, 210 MHz, 0x0000000000000001
2026/09/29 12:29:54.945, 1, 52, 52, 83.16 W, 1380 MHz, 0x0000000000000000
2026/09/29 12:29:57.977, 0, 52, N/A, 17.01 W, 210 MHz, 0x0000000000000001
2026/09/29 12:29:57.982, 1, 52, 51, 88.24 W, 1380 MHz, 0x0000000000000000
2026/09/29 12:30:01.019, 0, 52, N/A, 16.97 W, 210 MHz, 0x0000000000000001
2026/09/29 12:30:01.024, 1, 52, 52, 86.32 W, 1380 MHz, 0x0000000000000000
2026/09/29 12:30:04.056, 0, 52, N/A, 16.99 W, 210 MHz, 0x0000000000000001
2026/09/29 12:30:04.064, 1, 52, 52, 71.41 W, 1380 MHz, 0x0000000000000000
2026/09/29 12:30:07.099, 0, 52, N/A, 15.89 W, 210 MHz, 0x0000000000000001
2026/09/29 12:30:07.104, 1, 51, 50, 94.68 W, 1380 MHz, 0x0000000000000000
2026/09/29 12:30:10.136, 0, 52, N/A, 17.21 W, 210 MHz, 0x0000000000000001
2026/09/29 12:30:10.141, 1, 52, 52, 92.69 W, 1380 MHz, 0x0000000000000000
2026/09/29 12:30:13.172, 0, 52, N/A, 17.08 W, 210 MHz, 0x0000000000000001
2026/09/29 12:30:13.176, 1, 52, 51, 77.60 W, 1380 MHz, 0x0000000000000000
2026/09/29 12:30:16.210, 0, 52, N/A, 16.97 W, 210 MHz, 0x0000000000000001
2026/09/29 12:30:16.215, 1, 52, 52, 95.51 W, 1380 MHz, 0x0000000000000000
2026/09/29 12:30:19.248, 0, 53, N/A, 17.14 W, 210 MHz, 0x0000000000000001
2026/09/29 12:30:19.253, 1, 52, 52, 79.52 W, 1380 MHz, 0x0000000000000000
2026/09/29 12:30:22.287, 0, 53, N/A, 17.01 W, 210 MHz, 0x0000000000000001
2026/09/29 12:30:22.292, 1, 52, 51, 94.82 W, 1380 MHz, 0x0000000000000000
2026/09/29 12:30:25.333, 0, 52, N/A, 16.16 W, 210 MHz, 0x0000000000000001
2026/09/29 12:30:25.339, 1, 52, 51, 115.57 W, 1380 MHz, 0x0000000000000000
2026/09/29 12:30:28.381, 0, 52, N/A, 17.17 W, 210 MHz, 0x0000000000000001
2026/09/29 12:30:28.385, 1, 52, 51, 88.72 W, 1380 MHz, 0x0000000000000000
2026/09/29 12:30:31.417, 0, 52, N/A, 17.15 W, 210 MHz, 0x0000000000000001
2026/09/29 12:30:31.421, 1, 52, 52, 97.12 W, 1380 MHz, 0x0000000000000000
2026/09/29 12:30:34.452, 0, 52, N/A, 17.19 W, 210 MHz, 0x0000000000000001
2026/09/29 12:30:34.457, 1, 52, 51, 100.92 W, 1380 MHz, 0x0000000000000000
2026/09/29 12:30:37.489, 0, 52, N/A, 17.11 W, 210 MHz, 0x0000000000000001
2026/09/29 12:30:37.494, 1, 52, 52, 103.09 W, 1380 MHz, 0x0000000000000000
2026/09/29 12:30:40.527, 0, 52, N/A, 16.06 W, 210 MHz, 0x0000000000000001
2026/09/29 12:30:40.531, 1, 52, 51, 94.69 W, 1380 MHz, 0x0000000000000000
2026/09/29 12:30:43.565, 0, 52, N/A, 17.13 W, 210 MHz, 0x0000000000000001
2026/09/29 12:30:43.570, 1, 52, 51, 88.02 W, 1380 MHz, 0x0000000000000000
2026/09/29 12:30:46.611, 0, 52, N/A, 17.09 W, 210 MHz, 0x0000000000000001
2026/09/29 12:30:46.615, 1, 52, 51, 101.01 W, 1380 MHz, 0x0000000000000000
2026/09/29 12:30:49.654, 0, 52, N/A, 17.05 W, 210 MHz, 0x0000000000000001
2026/09/29 12:30:49.658, 1, 52, 51, 96.49 W, 1380 MHz, 0x0000000000000000
2026/09/29 12:30:52.691, 0, 52, N/A, 16.98 W, 210 MHz, 0x0000000000000001
2026/09/29 12:30:52.696, 1, 52, 52, 86.98 W, 1380 MHz, 0x0000000000000000
2026/09/29 12:30:55.729, 0, 53, N/A, 16.39 W, 210 MHz, 0x0000000000000001
2026/09/29 12:30:55.734, 1, 50, 50, 42.66 W, 1380 MHz, 0x0000000000000000
2026/09/29 12:30:58.772, 0, 53, N/A, 17.31 W, 210 MHz, 0x0000000000000001
2026/09/29 12:30:58.778, 1, 52, 51, 90.97 W, 1380 MHz, 0x0000000000000000
2026/09/29 12:31:01.822, 0, 52, N/A, 17.20 W, 210 MHz, 0x0000000000000001
2026/09/29 12:31:01.827, 1, 52, 51, 103.34 W, 1380 MHz, 0x0000000000000000
2026/09/29 12:31:04.860, 0, 52, N/A, 17.14 W, 210 MHz, 0x0000000000000001
2026/09/29 12:31:04.865, 1, 52, 52, 93.53 W, 1380 MHz, 0x0000000000000000
2026/09/29 12:31:07.897, 0, 52, N/A, 17.06 W, 210 MHz, 0x0000000000000001
2026/09/29 12:31:07.902, 1, 52, 52, 87.21 W, 1380 MHz, 0x0000000000000000
2026/09/29 12:31:10.935, 0, 52, N/A, 17.05 W, 210 MHz, 0x0000000000000001
2026/09/29 12:31:10.940, 1, 52, 52, 82.59 W, 1380 MHz, 0x0000000000000000
2026/09/29 12:31:13.973, 0, 52, N/A, 15.75 W, 210 MHz, 0x0000000000000001
2026/09/29 12:31:13.977, 1, 52, 52, 98.87 W, 1380 MHz, 0x0000000000000000
2026/09/29 12:31:17.013, 0, 52, N/A, 17.03 W, 210 MHz, 0x0000000000000001
2026/09/29 12:31:17.018, 1, 52, 52, 99.23 W, 1380 MHz, 0x0000000000000000
2026/09/29 12:31:20.052, 0, 52, N/A, 17.06 W, 210 MHz, 0x0000000000000001
2026/09/29 12:31:20.057, 1, 52, 52, 111.77 W, 1380 MHz, 0x0000000000000000
2026/09/29 12:31:23.090, 0, 52, N/A, 17.05 W, 210 MHz, 0x0000000000000001
2026/09/29 12:31:23.095, 1, 52, 52, 104.76 W, 1380 MHz, 0x0000000000000000
2026/09/29 12:31:26.127, 0, 52, N/A, 16.85 W, 210 MHz, 0x0000000000000001
2026/09/29 12:31:26.132, 1, 52, 52, 76.10 W, 1380 MHz, 0x0000000000000000
2026/09/29 12:31:29.174, 0, 52, N/A, 15.72 W, 210 MHz, 0x0000000000000001
2026/09/29 12:31:29.182, 1, 52, 51, 98.85 W, 1380 MHz, 0x0000000000000000
2026/09/29 12:31:32.215, 0, 52, N/A, 17.19 W, 210 MHz, 0x0000000000000001
2026/09/29 12:31:32.220, 1, 52, 51, 88.26 W, 1380 MHz, 0x0000000000000000
2026/09/29 12:31:35.251, 0, 52, N/A, 17.30 W, 210 MHz, 0x0000000000000001
2026/09/29 12:31:35.256, 1, 52, 52, 101.49 W, 1380 MHz, 0x0000000000000000
2026/09/29 12:31:38.288, 0, 53, N/A, 16.94 W, 210 MHz, 0x0000000000000001
2026/09/29 12:31:38.293, 1, 52, 52, 94.87 W, 1380 MHz, 0x0000000000000000
2026/09/29 12:31:41.324, 0, 53, N/A, 16.93 W, 210 MHz, 0x0000000000000001
2026/09/29 12:31:41.329, 1, 52, 52, 69.62 W, 1380 MHz, 0x0000000000000000
2026/09/29 12:31:44.362, 0, 52, N/A, 16.99 W, 210 MHz, 0x0000000000000001
2026/09/29 12:31:44.367, 1, 52, 52, 97.84 W, 1380 MHz, 0x0000000000000000
2026/09/29 12:31:47.399, 0, 52, N/A, 15.88 W, 210 MHz, 0x0000000000000001
2026/09/29 12:31:47.405, 1, 52, 52, 93.42 W, 1380 MHz, 0x0000000000000000
2026/09/29 12:31:50.433, 0, 52, N/A, 17.07 W, 210 MHz, 0x0000000000000001
2026/09/29 12:31:50.438, 1, 52, 52, 107.69 W, 1380 MHz, 0x0000000000000000
2026/09/29 12:31:53.482, 0, 53, N/A, 17.01 W, 210 MHz, 0x0000000000000001
2026/09/29 12:31:53.486, 1, 52, 51, 97.18 W, 1380 MHz, 0x0000000000000000
2026/09/29 12:31:56.525, 0, 52, N/A, 16.92 W, 210 MHz, 0x0000000000000001
2026/09/29 12:31:56.530, 1, 52, 51, 92.78 W, 1380 MHz, 0x0000000000000000
2026/09/29 12:31:59.566, 0, 52, N/A, 16.94 W, 210 MHz, 0x0000000000000001
2026/09/29 12:31:59.571, 1, 52, 52, 87.35 W, 1380 MHz, 0x0000000000000000
2026/09/29 12:32:02.603, 0, 52, N/A, 16.38 W, 210 MHz, 0x0000000000000001
2026/09/29 12:32:02.608, 1, 51, 50, 42.66 W, 1380 MHz, 0x0000000000000000
2026/09/29 12:32:05.642, 0, 52, N/A, 17.06 W, 210 MHz, 0x0000000000000001
2026/09/29 12:32:05.647, 1, 52, 52, 101.39 W, 1380 MHz, 0x0000000000000000
2026/09/29 12:32:08.679, 0, 52, N/A, 17.16 W, 210 MHz, 0x0000000000000001
2026/09/29 12:32:08.684, 1, 52, 52, 98.99 W, 1380 MHz, 0x0000000000000000
2026/09/29 12:32:11.723, 0, 53, N/A, 17.06 W, 210 MHz, 0x0000000000000001
2026/09/29 12:32:11.728, 1, 52, 52, 89.47 W, 1380 MHz, 0x0000000000000000
2026/09/29 12:32:14.762, 0, 53, N/A, 17.03 W, 210 MHz, 0x0000000000000001
2026/09/29 12:32:14.767, 1, 52, 52, 98.56 W, 1380 MHz, 0x0000000000000000
2026/09/29 12:32:17.799, 0, 53, N/A, 16.78 W, 210 MHz, 0x0000000000000001
2026/09/29 12:32:17.804, 1, 52, 52, 92.06 W, 1380 MHz, 0x0000000000000000
2026/09/29 12:32:20.853, 0, 52, N/A, 15.50 W, 210 MHz, 0x0000000000000001
2026/09/29 12:32:20.859, 1, 52, 51, 101.56 W, 1380 MHz, 0x0000000000000000
2026/09/29 12:32:23.900, 0, 52, N/A, 17.12 W, 210 MHz, 0x0000000000000001
2026/09/29 12:32:23.905, 1, 52, 52, 94.30 W, 1380 MHz, 0x0000000000000000
2026/09/29 12:32:26.934, 0, 52, N/A, 16.99 W, 210 MHz, 0x0000000000000001
2026/09/29 12:32:26.939, 1, 52, 52, 85.82 W, 1380 MHz, 0x0000000000000000
2026/09/29 12:32:29.968, 0, 53, N/A, 16.91 W, 210 MHz, 0x0000000000000001
2026/09/29 12:32:29.973, 1, 52, 51, 90.87 W, 1380 MHz, 0x0000000000000000
2026/09/29 12:32:33.006, 0, 52, N/A, 16.91 W, 210 MHz, 0x0000000000000001
2026/09/29 12:32:33.011, 1, 52, 52, 97.81 W, 1380 MHz, 0x0000000000000000
2026/09/29 12:32:36.041, 0, 52, N/A, 16.86 W, 210 MHz, 0x0000000000000001
2026/09/29 12:32:36.046, 1, 52, 51, 44.55 W, 1380 MHz, 0x0000000000000000
2026/09/29 12:32:39.089, 0, 52, N/A, 17.00 W, 210 MHz, 0x0000000000000001
2026/09/29 12:32:39.097, 1, 52, 52, 98.03 W, 1380 MHz, 0x0000000000000000
2026/09/29 12:32:42.143, 0, 52, N/A, 16.87 W, 210 MHz, 0x0000000000000001
2026/09/29 12:32:42.148, 1, 52, 52, 94.78 W, 1380 MHz, 0x0000000000000000
2026/09/29 12:32:45.179, 0, 52, N/A, 16.99 W, 210 MHz, 0x0000000000000001
2026/09/29 12:32:45.184, 1, 52, 52, 83.19 W, 1380 MHz, 0x0000000000000000
2026/09/29 12:32:48.216, 0, 52, N/A, 16.91 W, 210 MHz, 0x0000000000000001
2026/09/29 12:32:48.220, 1, 52, 51, 80.34 W, 1380 MHz, 0x0000000000000000
2026/09/29 12:32:51.253, 0, 52, N/A, 16.87 W, 210 MHz, 0x0000000000000001
2026/09/29 12:32:51.258, 1, 52, 51, 90.74 W, 1380 MHz, 0x0000000000000000
2026/09/29 12:32:54.290, 0, 52, N/A, 15.93 W, 210 MHz, 0x0000000000000001
2026/09/29 12:32:54.296, 1, 52, 52, 98.05 W, 1380 MHz, 0x0000000000000000
2026/09/29 12:32:57.329, 0, 52, N/A, 17.07 W, 210 MHz, 0x0000000000000001
2026/09/29 12:32:57.333, 1, 52, 52, 101.07 W, 1380 MHz, 0x0000000000000000
2026/09/29 12:33:00.366, 0, 53, N/A, 17.04 W, 210 MHz, 0x0000000000000001
2026/09/29 12:33:00.371, 1, 52, 52, 92.09 W, 1380 MHz, 0x0000000000000000
2026/09/29 12:33:03.400, 0, 53, N/A, 16.82 W, 210 MHz, 0x0000000000000001
2026/09/29 12:33:03.406, 1, 52, 51, 100.13 W, 1380 MHz, 0x0000000000000000
2026/09/29 12:33:06.439, 0, 53, N/A, 17.07 W, 210 MHz, 0x0000000000000001
2026/09/29 12:33:06.447, 1, 52, 52, 100.80 W, 1380 MHz, 0x0000000000000000
load_done 12:33:07
2026/09/29 12:34:07.534, 0, 53, N/A, 15.20 W, 210 MHz, 0x0000000000000001
2026/09/29 12:34:07.541, 1, 45, 45, 33.98 W, 1230 MHz, 0x0000000000000000
DONE
mio_restart 12:34:10
