timestamp,memory_used_mib,memory_total_mib
2026-09-26T20:24:00+0900,994,32607
2026-09-26T20:24:03+0900,1489,32607
2026-09-26T20:24:05+0900,1489,32607
2026-09-26T20:24:07+0900,1489,32607
2026-09-26T20:24:09+0900,1489,32607
2026-09-26T20:24:11+0900,1489,32607
2026-09-26T20:24:13+0900,1489,32607
2026-09-26T20:24:15+0900,1489,32607
2026-09-26T20:24:17+0900,1489,32607
2026-09-26T20:24:19+0900,1489,32607
2026-09-26T20:24:21+0900,1489,32607
2026-09-26T20:24:23+0900,1489,32607
2026-09-26T20:24:25+0900,1489,32607
2026-09-26T20:24:27+0900,1489,32607
2026-09-26T20:24:29+0900,1489,32607
2026-09-26T20:24:31+0900,1489,32607
2026-09-26T20:24:33+0900,1489,32607
2026-09-26T20:24:35+0900,1489,32607
2026-09-26T20:24:37+0900,1489,32607
2026-09-26T20:24:39+0900,1489,32607
2026-09-26T20:24:41+0900,1489,32607
2026-09-26T20:24:43+0900,1489,32607
2026-09-26T20:24:45+0900,1489,32607
2026-09-26T20:24:48+0900,1489,32607
2026-09-26T20:24:50+0900,1489,32607
2026-09-26T20:24:52+0900,1489,32607
2026-09-26T20:24:54+0900,1489,32607
2026-09-26T20:24:56+0900,1489,32607
2026-09-26T20:24:58+0900,1489,32607
2026-09-26T20:25:00+0900,1489,32607
2026-09-26T20:25:02+0900,1489,32607
2026-09-26T20:25:04+0900,1489,32607
2026-09-26T20:25:06+0900,1489,32607
2026-09-26T20:25:08+0900,1489,32607
2026-09-26T20:25:10+0900,1489,32607
2026-09-26T20:25:12+0900,1489,32607
2026-09-26T20:25:14+0900,16579,32607
2026-09-26T20:25:16+0900,26865,32607
2026-09-26T20:25:18+0900,26865,32607
2026-09-26T20:25:20+0900,26865,32607
2026-09-26T20:25:22+0900,26865,32607
2026-09-26T20:25:24+0900,26865,32607
2026-09-26T20:25:26+0900,26865,32607
2026-09-26T20:25:28+0900,26865,32607
2026-09-26T20:25:30+0900,26885,32607
2026-09-26T20:25:33+0900,26885,32607
2026-09-26T20:25:35+0900,26885,32607
2026-09-26T20:25:37+0900,26885,32607
2026-09-26T20:25:39+0900,26885,32607
2026-09-26T20:25:41+0900,26885,32607
2026-09-26T20:25:43+0900,26885,32607
2026-09-26T20:25:45+0900,26885,32607
2026-09-26T20:25:47+0900,26885,32607
2026-09-26T20:25:49+0900,26885,32607
2026-09-26T20:25:51+0900,26885,32607
2026-09-26T20:25:53+0900,26885,32607
2026-09-26T20:25:55+0900,26885,32607
2026-09-26T20:25:57+0900,26885,32607
2026-09-26T20:25:59+0900,26885,32607
2026-09-26T20:26:01+0900,26885,32607
2026-09-26T20:26:03+0900,26885,32607
2026-09-26T20:26:05+0900,26885,32607
2026-09-26T20:26:07+0900,26885,32607
2026-09-26T20:26:09+0900,26885,32607
2026-09-26T20:26:11+0900,26885,32607
2026-09-26T20:26:13+0900,26885,32607
2026-09-26T20:26:15+0900,26885,32607
2026-09-26T20:26:17+0900,26885,32607
2026-09-26T20:26:19+0900,26885,32607
2026-09-26T20:26:21+0900,26885,32607
2026-09-26T20:26:23+0900,26885,32607
2026-09-26T20:26:26+0900,26885,32607
2026-09-26T20:26:28+0900,26885,32607
2026-09-26T20:26:30+0900,26885,32607
2026-09-26T20:26:32+0900,26885,32607
2026-09-26T20:26:34+0900,26885,32607
2026-09-26T20:26:36+0900,26885,32607
2026-09-26T20:26:38+0900,26885,32607
2026-09-26T20:26:40+0900,26885,32607
2026-09-26T20:26:42+0900,26885,32607
2026-09-26T20:26:44+0900,26885,32607
2026-09-26T20:26:46+0900,26885,32607
2026-09-26T20:26:48+0900,26885,32607
2026-09-26T20:26:50+0900,26885,32607
2026-09-26T20:26:52+0900,26885,32607
2026-09-26T20:26:54+0900,26885,32607
2026-09-26T20:26:56+0900,26885,32607
2026-09-26T20:26:58+0900,26885,32607
2026-09-26T20:27:00+0900,26885,32607
2026-09-26T20:27:02+0900,26885,32607
2026-09-26T20:27:04+0900,26885,32607
2026-09-26T20:27:06+0900,26885,32607
2026-09-26T20:27:08+0900,26885,32607
2026-09-26T20:27:10+0900,26885,32607
2026-09-26T20:27:12+0900,26885,32607
2026-09-26T20:27:14+0900,26885,32607
2026-09-26T20:27:16+0900,26885,32607
2026-09-26T20:27:19+0900,26885,32607
2026-09-26T20:27:21+0900,26885,32607
2026-09-26T20:27:23+0900,26885,32607
2026-09-26T20:27:25+0900,26885,32607
2026-09-26T20:27:27+0900,26885,32607
2026-09-26T20:27:29+0900,26885,32607
2026-09-26T20:27:31+0900,26885,32607
2026-09-26T20:27:33+0900,26885,32607
2026-09-26T20:27:35+0900,26885,32607
2026-09-26T20:27:37+0900,26885,32607
2026-09-26T20:27:39+0900,26885,32607
2026-09-26T20:27:41+0900,26885,32607
2026-09-26T20:27:43+0900,26885,32607
2026-09-26T20:27:45+0900,26885,32607
2026-09-26T20:27:47+0900,26885,32607
2026-09-26T20:27:49+0900,26885,32607
2026-09-26T20:27:51+0900,26885,32607
2026-09-26T20:27:53+0900,26885,32607
2026-09-26T20:27:55+0900,26885,32607
2026-09-26T20:27:57+0900,26885,32607
2026-09-26T20:27:59+0900,26885,32607
2026-09-26T20:28:01+0900,26885,32607
2026-09-26T20:28:03+0900,26885,32607
2026-09-26T20:28:05+0900,26885,32607
2026-09-26T20:28:07+0900,26885,32607
2026-09-26T20:28:09+0900,26885,32607
2026-09-26T20:28:11+0900,26885,32607
2026-09-26T20:28:14+0900,26885,32607
2026-09-26T20:28:16+0900,26885,32607
2026-09-26T20:28:18+0900,26885,32607
2026-09-26T20:28:20+0900,26885,32607
2026-09-26T20:28:22+0900,26885,32607
2026-09-26T20:28:24+0900,26885,32607
2026-09-26T20:28:26+0900,26885,32607
2026-09-26T20:28:28+0900,26885,32607
2026-09-26T20:28:30+0900,26885,32607
2026-09-26T20:28:32+0900,26885,32607
2026-09-26T20:28:34+0900,26885,32607
2026-09-26T20:28:36+0900,26885,32607
2026-09-26T20:28:38+0900,26885,32607
2026-09-26T20:28:40+0900,26885,32607
2026-09-26T20:28:42+0900,26885,32607
2026-09-26T20:28:44+0900,26885,32607
2026-09-26T20:28:46+0900,26885,32607
2026-09-26T20:28:48+0900,26885,32607
2026-09-26T20:28:50+0900,26885,32607
2026-09-26T20:28:52+0900,26885,32607
2026-09-26T20:28:54+0900,26885,32607
2026-09-26T20:28:56+0900,26885,32607
2026-09-26T20:28:58+0900,26885,32607
2026-09-26T20:29:00+0900,26885,32607
2026-09-26T20:29:02+0900,26885,32607
2026-09-26T20:29:04+0900,26885,32607
2026-09-26T20:29:06+0900,26885,32607
2026-09-26T20:29:08+0900,26892,32607
2026-09-26T20:29:11+0900,26881,32607
2026-09-26T20:29:13+0900,26881,32607
2026-09-26T20:29:15+0900,26874,32607
2026-09-26T20:29:17+0900,26871,32607
2026-09-26T20:29:19+0900,26867,32607
2026-09-26T20:29:21+0900,26867,32607
2026-09-26T20:29:23+0900,26867,32607
2026-09-26T20:29:25+0900,26867,32607
2026-09-26T20:29:27+0900,26867,32607
2026-09-26T20:29:29+0900,26867,32607
2026-09-26T20:29:31+0900,26867,32607
2026-09-26T20:29:33+0900,26867,32607
2026-09-26T20:29:35+0900,26867,32607
2026-09-26T20:29:37+0900,26867,32607
2026-09-26T20:29:39+0900,26867,32607
2026-09-26T20:29:41+0900,26867,32607
2026-09-26T20:29:43+0900,26867,32607
2026-09-26T20:29:45+0900,26867,32607
2026-09-26T20:29:47+0900,26867,32607
2026-09-26T20:29:49+0900,26867,32607
2026-09-26T20:29:51+0900,26867,32607
2026-09-26T20:29:53+0900,26867,32607
2026-09-26T20:29:55+0900,26867,32607
2026-09-26T20:29:57+0900,26867,32607
2026-09-26T20:29:59+0900,26867,32607
2026-09-26T20:30:01+0900,26867,32607
2026-09-26T20:30:03+0900,26867,32607
2026-09-26T20:30:06+0900,26867,32607
2026-09-26T20:30:08+0900,26867,32607
2026-09-26T20:30:10+0900,26867,32607
2026-09-26T20:30:12+0900,26867,32607
2026-09-26T20:30:14+0900,26867,32607
2026-09-26T20:30:16+0900,26867,32607
2026-09-26T20:30:18+0900,26867,32607
2026-09-26T20:30:20+0900,26867,32607
2026-09-26T20:30:22+0900,26867,32607
2026-09-26T20:30:24+0900,26867,32607
2026-09-26T20:30:26+0900,26867,32607
2026-09-26T20:30:28+0900,26867,32607
2026-09-26T20:30:30+0900,26867,32607
2026-09-26T20:30:32+0900,26867,32607
2026-09-26T20:30:34+0900,26867,32607
2026-09-26T20:30:36+0900,26867,32607
2026-09-26T20:30:38+0900,26867,32607
2026-09-26T20:30:40+0900,26867,32607
2026-09-26T20:30:42+0900,26867,32607
2026-09-26T20:30:44+0900,26867,32607
2026-09-26T20:30:46+0900,26867,32607
2026-09-26T20:30:48+0900,26867,32607
2026-09-26T20:30:50+0900,26867,32607
2026-09-26T20:30:52+0900,26867,32607
2026-09-26T20:30:54+0900,26867,32607
2026-09-26T20:30:56+0900,26867,32607
2026-09-26T20:30:58+0900,26867,32607
2026-09-26T20:31:00+0900,26867,32607
2026-09-26T20:31:03+0900,26867,32607
2026-09-26T20:31:05+0900,26867,32607
2026-09-26T20:31:07+0900,26867,32607
2026-09-26T20:31:09+0900,26867,32607
2026-09-26T20:31:11+0900,26867,32607
2026-09-26T20:31:13+0900,26867,32607
2026-09-26T20:31:15+0900,26867,32607
2026-09-26T20:31:17+0900,26867,32607
2026-09-26T20:31:19+0900,26867,32607
2026-09-26T20:31:21+0900,26867,32607
2026-09-26T20:31:23+0900,26867,32607
2026-09-26T20:31:25+0900,26867,32607
2026-09-26T20:31:27+0900,26867,32607
2026-09-26T20:31:29+0900,26867,32607
2026-09-26T20:31:31+0900,26867,32607
2026-09-26T20:31:33+0900,26867,32607
2026-09-26T20:31:35+0900,26867,32607
2026-09-26T20:31:37+0900,26867,32607
2026-09-26T20:31:39+0900,26867,32607
2026-09-26T20:31:41+0900,26867,32607
2026-09-26T20:31:43+0900,26867,32607
2026-09-26T20:31:45+0900,26867,32607
2026-09-26T20:31:47+0900,26867,32607
2026-09-26T20:31:49+0900,26867,32607
2026-09-26T20:31:51+0900,26867,32607
2026-09-26T20:31:53+0900,26867,32607
2026-09-26T20:31:55+0900,26867,32607
2026-09-26T20:31:57+0900,26867,32607
2026-09-26T20:32:00+0900,976,32607
2026-09-26T20:32:02+0900,976,32607
